transaction_id,card_id,timestamp,amount,merchant_category,country,card_present,is_fraud
txn_0000000,card_00694,2026-01-30T11:20:25Z,39.25,online_retail,DE,False,False
txn_0000001,card_00223,2026-01-10T20:20:22Z,390.47,entertainment,GB,True,False
txn_0000002,card_00115,2026-01-05T09:08:45Z,12.14,restaurant,GB,True,False
txn_0000003,card_00493,2026-01-09T23:11:43Z,158.21,grocery,GB,False,False
txn_0000004,card_00879,2026-01-17T03:40:23Z,635.64,atm_withdrawal,SG,True,False
txn_0000005,card_00114,2026-01-30T14:46:16Z,11.58,travel,DE,False,False
txn_0000006,card_00306,2026-01-28T12:51:48Z,81.16,restaurant,SG,False,False
txn_0000007,card_00331,2026-01-03T21:03:03Z,186.26,pharmacy,SG,True,False
txn_0000008,card_00127,2026-01-27T05:12:24Z,105.36,atm_withdrawal,AE,True,False
txn_0000009,card_00585,2026-01-27T05:15:47Z,21.76,electronics,DE,False,False
txn_0000010,card_00872,2026-01-15T16:57:11Z,203.59,electronics,DE,False,False
txn_0000011,card_00434,2026-01-15T16:33:31Z,42.45,fuel,IN,True,False
txn_0000012,card_00152,2026-01-05T07:29:37Z,45.28,restaurant,US,True,False
txn_0000013,card_00883,2026-01-05T08:25:01Z,17.54,travel,AE,False,False
txn_0000014,card_00217,2026-01-25T03:05:31Z,227.85,electronics,GB,True,False
txn_0000015,card_00103,2026-01-21T22:02:28Z,99.9,restaurant,US,False,False
txn_0000016,card_00124,2026-01-26T00:30:05Z,57.5,fuel,AE,True,False
txn_0000017,card_00895,2026-01-24T11:14:00Z,37.0,fuel,AE,True,False
txn_0000018,card_00497,2026-01-17T15:23:39Z,67.73,restaurant,US,True,False
txn_0000019,card_00164,2026-01-14T14:01:30Z,85.64,travel,AE,True,False
txn_0000020,card_00730,2026-01-06T01:04:01Z,38.0,online_retail,IN,False,False
txn_0000021,card_00756,2026-01-20T08:24:35Z,34.54,pharmacy,IN,False,False
txn_0000022,card_00760,2026-01-16T01:32:50Z,97.25,pharmacy,US,True,False
txn_0000023,card_00327,2026-01-24T21:31:16Z,34.38,grocery,AE,True,False
txn_0000024,card_00435,2026-01-24T20:20:49Z,36.61,grocery,US,True,False
txn_0000025,card_00350,2026-01-19T19:12:17Z,58.14,fuel,DE,False,False
txn_0000026,card_00099,2026-01-20T15:29:14Z,100.06,fuel,AE,False,False
txn_0000027,card_00512,2026-01-29T15:37:40Z,89.34,pharmacy,IN,False,False
txn_0000028,card_00162,2026-01-21T01:06:53Z,80.09,electronics,DE,False,False
txn_0000029,card_00386,2026-01-03T00:45:15Z,245.25,entertainment,AE,False,False
txn_0000030,card_00664,2026-01-06T03:47:11Z,59.78,electronics,SG,False,False
txn_0000031,card_00447,2026-01-30T19:50:56Z,192.53,pharmacy,GB,False,False
txn_0000032,card_00366,2026-01-16T16:34:58Z,95.96,atm_withdrawal,IN,False,False
txn_0000033,card_00742,2026-01-13T10:42:17Z,398.0,atm_withdrawal,DE,True,False
txn_0000034,card_00695,2026-01-25T12:43:18Z,25.59,grocery,US,True,False
txn_0000035,card_00263,2026-01-13T18:48:44Z,84.82,atm_withdrawal,SG,True,False
txn_0000036,card_00036,2026-01-04T07:37:15Z,16.65,travel,IN,False,False
txn_0000037,card_00860,2026-01-02T10:35:04Z,162.86,electronics,SG,False,False
txn_0000038,card_00673,2026-01-20T03:06:11Z,251.01,pharmacy,DE,False,False
txn_0000039,card_00725,2026-01-05T01:44:32Z,186.05,travel,AE,True,False
txn_0000040,card_00491,2026-01-21T00:15:56Z,28.58,fuel,AE,False,False
txn_0000041,card_00790,2026-01-09T16:21:47Z,38.02,online_retail,US,False,False
txn_0000042,card_00761,2026-01-15T05:48:14Z,113.57,atm_withdrawal,IN,False,True
txn_0000043,card_00859,2026-01-18T11:04:18Z,174.64,atm_withdrawal,SG,True,False
txn_0000044,card_00415,2026-01-11T19:41:59Z,346.52,electronics,AE,True,False
txn_0000045,card_00233,2026-01-24T07:18:55Z,21.01,fuel,DE,False,False
txn_0000046,card_00590,2026-01-20T18:48:19Z,12.9,fuel,IN,True,False
txn_0000047,card_00065,2026-01-01T02:11:23Z,79.34,online_retail,US,True,False
txn_0000048,card_00443,2026-01-21T13:19:24Z,131.48,grocery,IN,False,False
txn_0000049,card_00178,2026-01-26T10:38:41Z,53.29,grocery,US,False,False
txn_0000050,card_00175,2026-01-18T18:51:16Z,132.94,grocery,US,False,False
txn_0000051,card_00069,2026-01-09T11:36:18Z,196.98,restaurant,AE,True,False
txn_0000052,card_00834,2026-01-06T23:33:06Z,387.87,fuel,DE,True,False
txn_0000053,card_00587,2026-01-06T08:14:21Z,135.99,entertainment,US,True,False
txn_0000054,card_00523,2026-01-26T17:48:06Z,220.14,travel,DE,True,True
txn_0000055,card_00810,2026-01-28T23:15:17Z,35.63,entertainment,DE,True,False
txn_0000056,card_00457,2026-01-11T20:38:25Z,999.13,grocery,SG,True,False
txn_0000057,card_00656,2026-01-28T15:13:46Z,21.43,restaurant,GB,False,False
txn_0000058,card_00222,2026-01-15T08:38:36Z,43.64,online_retail,DE,True,False
txn_0000059,card_00069,2026-01-07T21:28:16Z,32.28,fuel,IN,True,False
txn_0000060,card_00682,2026-01-29T18:25:43Z,175.09,utilities,IN,True,False
txn_0000061,card_00570,2026-01-30T11:45:28Z,18.14,pharmacy,US,True,False
txn_0000062,card_00538,2026-01-12T20:40:28Z,290.57,electronics,SG,True,True
txn_0000063,card_00546,2026-01-25T15:30:11Z,52.11,utilities,IN,True,False
txn_0000064,card_00396,2026-01-14T15:32:44Z,99.47,restaurant,SG,False,False
txn_0000065,card_00701,2026-01-07T23:32:55Z,27.46,atm_withdrawal,IN,False,True
txn_0000066,card_00424,2026-01-04T01:46:06Z,99.24,restaurant,DE,False,False
txn_0000067,card_00180,2026-01-11T14:57:33Z,86.44,utilities,US,False,False
txn_0000068,card_00801,2026-01-07T01:57:21Z,48.77,entertainment,AE,True,False
txn_0000069,card_00082,2026-01-01T11:35:05Z,34.35,restaurant,AE,False,False
txn_0000070,card_00424,2026-01-13T19:46:47Z,9.14,online_retail,DE,False,False
txn_0000071,card_00161,2026-01-17T01:53:24Z,71.45,grocery,DE,True,False
txn_0000072,card_00253,2026-01-27T06:37:47Z,324.63,electronics,US,True,False
txn_0000073,card_00686,2026-01-05T13:27:40Z,20.56,restaurant,IN,True,False
txn_0000074,card_00481,2026-01-02T22:52:52Z,144.68,online_retail,GB,True,False
txn_0000075,card_00230,2026-01-18T13:17:38Z,236.79,pharmacy,AE,False,False
txn_0000076,card_00702,2026-01-08T13:27:45Z,4.16,travel,AE,False,False
txn_0000077,card_00265,2026-01-30T14:05:42Z,127.12,fuel,AE,True,False
txn_0000078,card_00608,2026-01-14T05:40:09Z,114.67,atm_withdrawal,SG,True,False
txn_0000079,card_00668,2026-01-06T23:26:59Z,55.76,entertainment,DE,False,False
txn_0000080,card_00426,2026-01-19T04:50:45Z,554.33,entertainment,GB,False,False
txn_0000081,card_00706,2026-01-19T21:13:01Z,97.56,entertainment,GB,True,False
txn_0000082,card_00451,2026-01-14T12:23:19Z,22.26,restaurant,DE,True,False
txn_0000083,card_00793,2026-01-27T10:09:51Z,37.44,entertainment,GB,True,False
txn_0000084,card_00143,2026-01-21T05:20:50Z,106.53,travel,IN,True,False
txn_0000085,card_00687,2026-01-29T06:34:43Z,274.21,online_retail,US,True,False
txn_0000086,card_00786,2026-01-08T12:30:26Z,213.47,utilities,US,False,False
txn_0000087,card_00830,2026-01-03T18:39:26Z,21.16,utilities,SG,True,False
txn_0000088,card_00729,2026-01-04T13:47:59Z,149.95,travel,GB,False,False
txn_0000089,card_00528,2026-01-25T03:14:27Z,26.35,grocery,AE,False,False
txn_0000090,card_00236,2026-01-01T14:20:02Z,195.22,restaurant,AE,False,False
txn_0000091,card_00291,2026-01-28T04:28:16Z,98.11,atm_withdrawal,GB,False,False
txn_0000092,card_00262,2026-01-28T04:33:12Z,16.34,entertainment,SG,False,False
txn_0000093,card_00421,2026-01-02T16:48:59Z,32.69,electronics,IN,True,False
txn_0000094,card_00182,2026-01-24T01:58:39Z,158.21,fuel,SG,False,False
txn_0000095,card_00034,2026-01-16T05:36:00Z,161.65,atm_withdrawal,AE,True,False
txn_0000096,card_00200,2026-01-12T20:35:35Z,87.25,entertainment,IN,False,False
txn_0000097,card_00179,2026-01-24T12:26:48Z,139.07,utilities,US,True,False
txn_0000098,card_00526,2026-01-06T14:03:27Z,565.68,electronics,US,False,True
txn_0000099,card_00821,2026-01-11T02:28:32Z,22.85,fuel,GB,True,False
txn_0000100,card_00149,2026-01-02T19:24:28Z,79.3,restaurant,US,True,False
txn_0000101,card_00701,2026-01-14T21:24:41Z,89.24,utilities,SG,False,False
txn_0000102,card_00892,2026-01-04T20:03:50Z,216.69,entertainment,US,True,False
txn_0000103,card_00311,2026-01-24T17:20:08Z,139.62,fuel,SG,True,False
txn_0000104,card_00591,2026-01-01T03:42:04Z,29.03,online_retail,IN,True,False
txn_0000105,card_00604,2026-01-28T20:39:54Z,230.29,travel,AE,False,False
txn_0000106,card_00305,2026-01-14T10:49:09Z,20.07,atm_withdrawal,US,False,False
txn_0000107,card_00519,2026-01-27T21:26:58Z,49.82,grocery,DE,False,False
txn_0000108,card_00792,2026-01-14T20:09:21Z,80.25,electronics,GB,True,False
txn_0000109,card_00246,2026-01-16T04:49:39Z,79.69,entertainment,DE,False,False
txn_0000110,card_00465,2026-01-02T18:21:00Z,54.92,online_retail,AE,True,False
txn_0000111,card_00731,2026-01-25T10:51:33Z,89.78,electronics,US,True,False
txn_0000112,card_00148,2026-01-28T01:12:26Z,27.54,utilities,GB,False,False
txn_0000113,card_00359,2026-01-17T19:02:05Z,626.54,travel,IN,False,False
txn_0000114,card_00649,2026-01-01T08:49:05Z,20.92,online_retail,US,False,False
txn_0000115,card_00790,2026-01-25T20:43:48Z,88.95,pharmacy,IN,False,False
txn_0000116,card_00701,2026-01-17T16:37:30Z,229.24,restaurant,DE,False,False
txn_0000117,card_00342,2026-01-06T14:28:42Z,89.76,pharmacy,AE,True,False
txn_0000118,card_00034,2026-01-09T04:42:32Z,240.47,pharmacy,US,True,False
txn_0000119,card_00213,2026-01-14T05:23:52Z,23.09,atm_withdrawal,IN,True,False
txn_0000120,card_00306,2026-01-13T20:07:39Z,62.0,online_retail,GB,True,False
txn_0000121,card_00186,2026-01-10T21:30:38Z,18.61,grocery,GB,True,False
txn_0000122,card_00168,2026-01-22T18:54:09Z,14.92,electronics,US,False,False
txn_0000123,card_00209,2026-01-14T00:48:34Z,361.65,travel,DE,False,False
txn_0000124,card_00889,2026-01-10T16:37:04Z,67.94,grocery,IN,True,False
txn_0000125,card_00629,2026-01-17T12:34:00Z,157.13,utilities,IN,True,False
txn_0000126,card_00509,2026-01-10T05:51:42Z,9.06,restaurant,GB,True,False
txn_0000127,card_00690,2026-01-10T02:45:58Z,21.56,atm_withdrawal,DE,True,False
txn_0000128,card_00484,2026-01-04T15:40:19Z,24.63,electronics,AE,True,False
txn_0000129,card_00564,2026-01-02T20:31:25Z,63.95,online_retail,IN,False,False
txn_0000130,card_00510,2026-01-04T09:01:58Z,124.88,travel,DE,True,False
txn_0000131,card_00174,2026-01-24T17:44:27Z,19.67,travel,SG,False,False
txn_0000132,card_00654,2026-01-06T01:20:58Z,72.9,pharmacy,US,False,False
txn_0000133,card_00350,2026-01-26T06:10:43Z,194.52,grocery,DE,False,False
txn_0000134,card_00065,2026-01-28T19:56:50Z,41.34,grocery,IN,True,False
txn_0000135,card_00164,2026-01-23T17:53:14Z,30.95,entertainment,DE,True,False
txn_0000136,card_00732,2026-01-18T20:00:54Z,77.43,utilities,US,True,False
txn_0000137,card_00648,2026-01-19T04:55:42Z,44.41,travel,DE,True,False
txn_0000138,card_00171,2026-01-19T12:24:54Z,38.75,pharmacy,IN,False,False
txn_0000139,card_00322,2026-01-28T13:09:58Z,278.12,grocery,AE,False,False
txn_0000140,card_00845,2026-01-10T04:58:25Z,57.14,travel,US,False,False
txn_0000141,card_00586,2026-01-23T15:39:15Z,46.82,electronics,IN,False,False
txn_0000142,card_00611,2026-01-13T12:40:29Z,57.05,entertainment,GB,True,False
txn_0000143,card_00844,2026-01-15T21:32:02Z,1384.47,utilities,GB,True,True
txn_0000144,card_00142,2026-01-22T01:32:48Z,11.02,electronics,AE,True,False
txn_0000145,card_00234,2026-01-17T06:29:27Z,160.18,fuel,IN,True,False
txn_0000146,card_00569,2026-01-26T10:34:43Z,162.59,utilities,GB,True,False
txn_0000147,card_00032,2026-01-13T19:00:38Z,6.09,atm_withdrawal,IN,True,False
txn_0000148,card_00324,2026-01-11T11:33:40Z,23.16,pharmacy,US,True,False
txn_0000149,card_00823,2026-01-07T13:40:40Z,57.96,travel,IN,False,True
txn_0000150,card_00217,2026-01-29T19:45:12Z,28.76,restaurant,IN,True,False
txn_0000151,card_00827,2026-01-14T08:40:50Z,44.98,electronics,IN,True,False
txn_0000152,card_00126,2026-01-09T19:26:30Z,104.17,entertainment,GB,False,False
txn_0000153,card_00315,2026-01-22T23:15:35Z,808.05,utilities,GB,True,False
txn_0000154,card_00800,2026-01-06T15:57:59Z,23.28,entertainment,IN,True,False
txn_0000155,card_00490,2026-01-07T01:13:45Z,42.14,entertainment,US,True,False
txn_0000156,card_00221,2026-01-03T05:17:32Z,281.39,pharmacy,IN,False,False
txn_0000157,card_00489,2026-01-07T07:18:06Z,52.52,atm_withdrawal,DE,True,False
txn_0000158,card_00530,2026-01-01T02:29:58Z,156.0,restaurant,GB,True,False
txn_0000159,card_00402,2026-01-02T00:48:07Z,342.7,electronics,AE,True,False
txn_0000160,card_00189,2026-01-12T06:48:34Z,20.53,entertainment,DE,True,False
txn_0000161,card_00749,2026-01-01T20:08:24Z,55.0,utilities,SG,True,False
txn_0000162,card_00899,2026-01-24T14:31:55Z,105.62,fuel,DE,True,False
txn_0000163,card_00231,2026-01-26T12:11:01Z,1031.96,grocery,SG,True,False
txn_0000164,card_00542,2026-01-12T09:37:13Z,89.76,utilities,IN,True,False
txn_0000165,card_00344,2026-01-03T20:58:12Z,135.74,fuel,IN,False,False
txn_0000166,card_00178,2026-01-05T03:03:13Z,227.72,restaurant,AE,True,False
txn_0000167,card_00732,2026-01-11T19:47:29Z,93.61,pharmacy,DE,False,False
txn_0000168,card_00729,2026-01-24T23:43:59Z,28.62,fuel,SG,False,False
txn_0000169,card_00734,2026-01-01T06:14:54Z,191.26,fuel,DE,False,False
txn_0000170,card_00530,2026-01-30T23:01:04Z,71.67,online_retail,SG,True,False
txn_0000171,card_00084,2026-01-08T10:30:42Z,309.54,entertainment,GB,False,False
txn_0000172,card_00608,2026-01-28T04:53:01Z,56.59,atm_withdrawal,GB,False,False
txn_0000173,card_00822,2026-01-28T13:06:06Z,58.52,utilities,US,True,False
txn_0000174,card_00126,2026-01-22T13:44:03Z,36.79,pharmacy,GB,True,False
txn_0000175,card_00889,2026-01-20T04:59:08Z,577.91,travel,IN,False,True
txn_0000176,card_00381,2026-01-09T01:00:59Z,80.96,utilities,DE,True,False
txn_0000177,card_00384,2026-01-26T16:41:43Z,89.56,online_retail,US,False,False
txn_0000178,card_00489,2026-01-19T01:45:47Z,151.4,travel,GB,False,True
txn_0000179,card_00798,2026-01-30T12:11:50Z,73.63,utilities,US,True,False
txn_0000180,card_00880,2026-01-27T02:40:35Z,481.1,online_retail,DE,False,True
txn_0000181,card_00305,2026-01-29T04:30:56Z,103.13,restaurant,AE,False,False
txn_0000182,card_00019,2026-01-06T14:45:27Z,297.39,pharmacy,US,True,False
txn_0000183,card_00852,2026-01-29T09:04:23Z,24.99,fuel,AE,False,False
txn_0000184,card_00819,2026-01-26T03:12:18Z,27.59,restaurant,AE,True,False
txn_0000185,card_00882,2026-01-06T00:55:32Z,258.62,restaurant,GB,False,False
txn_0000186,card_00528,2026-01-30T22:30:21Z,168.78,grocery,GB,False,False
txn_0000187,card_00229,2026-01-28T13:51:44Z,39.8,restaurant,US,True,False
txn_0000188,card_00884,2026-01-25T09:57:04Z,159.95,grocery,SG,False,True
txn_0000189,card_00227,2026-01-08T05:27:25Z,138.65,atm_withdrawal,SG,False,False
txn_0000190,card_00680,2026-01-11T07:43:39Z,16.93,grocery,DE,True,False
txn_0000191,card_00075,2026-01-01T19:25:31Z,53.39,fuel,DE,True,False
txn_0000192,card_00892,2026-01-09T08:14:04Z,49.41,entertainment,SG,True,False
txn_0000193,card_00695,2026-01-27T17:05:15Z,146.2,fuel,US,True,False
txn_0000194,card_00359,2026-01-10T18:04:12Z,144.78,pharmacy,DE,True,False
txn_0000195,card_00566,2026-01-20T12:08:02Z,19.51,utilities,IN,True,False
txn_0000196,card_00266,2026-01-08T16:14:31Z,99.21,entertainment,DE,True,False
txn_0000197,card_00107,2026-01-18T02:51:30Z,141.86,atm_withdrawal,DE,False,False
txn_0000198,card_00671,2026-01-04T19:22:28Z,9.11,utilities,IN,False,False
txn_0000199,card_00280,2026-01-25T14:47:48Z,49.25,grocery,SG,True,False
txn_0000200,card_00765,2026-01-16T03:09:13Z,128.79,restaurant,US,True,False
txn_0000201,card_00525,2026-01-05T20:59:10Z,164.03,pharmacy,US,True,False
txn_0000202,card_00151,2026-01-11T22:22:24Z,12.31,atm_withdrawal,IN,True,False
txn_0000203,card_00763,2026-01-20T05:11:21Z,208.45,electronics,GB,True,False
txn_0000204,card_00562,2026-01-13T06:19:20Z,195.09,online_retail,IN,False,False
txn_0000205,card_00309,2026-01-10T22:33:00Z,224.01,restaurant,DE,False,True
txn_0000206,card_00509,2026-01-03T04:24:37Z,81.98,electronics,GB,True,False
txn_0000207,card_00015,2026-01-27T19:23:51Z,51.1,fuel,IN,True,False
txn_0000208,card_00310,2026-01-22T15:12:12Z,318.93,atm_withdrawal,DE,False,False
txn_0000209,card_00173,2026-01-09T08:54:11Z,27.91,fuel,IN,True,False
txn_0000210,card_00858,2026-01-08T20:03:34Z,50.89,atm_withdrawal,SG,False,False
txn_0000211,card_00105,2026-01-09T00:05:47Z,28.09,atm_withdrawal,DE,False,False
txn_0000212,card_00510,2026-01-12T18:45:58Z,57.19,atm_withdrawal,AE,True,False
txn_0000213,card_00861,2026-01-02T11:48:24Z,269.69,grocery,SG,False,False
txn_0000214,card_00295,2026-01-18T06:43:34Z,28.47,entertainment,IN,False,False
txn_0000215,card_00775,2026-01-10T15:34:35Z,505.78,utilities,GB,False,False
txn_0000216,card_00263,2026-01-04T07:56:44Z,34.53,restaurant,DE,False,False
txn_0000217,card_00816,2026-01-01T12:42:38Z,41.53,electronics,AE,True,False
txn_0000218,card_00826,2026-01-22T08:17:28Z,14.89,pharmacy,DE,True,False
txn_0000219,card_00028,2026-01-29T00:30:01Z,275.58,online_retail,SG,False,False
txn_0000220,card_00367,2026-01-06T17:03:16Z,176.65,fuel,GB,False,False
txn_0000221,card_00682,2026-01-22T06:53:32Z,310.69,online_retail,IN,True,False
txn_0000222,card_00651,2026-01-29T12:41:30Z,17.07,restaurant,GB,False,False
txn_0000223,card_00049,2026-01-10T02:32:33Z,179.05,travel,GB,True,False
txn_0000224,card_00374,2026-01-24T07:32:11Z,127.14,online_retail,AE,True,False
txn_0000225,card_00798,2026-01-12T03:15:53Z,50.01,atm_withdrawal,SG,True,False
txn_0000226,card_00067,2026-01-30T08:32:53Z,38.54,restaurant,US,False,False
txn_0000227,card_00641,2026-01-19T15:51:19Z,74.7,electronics,DE,True,False
txn_0000228,card_00139,2026-01-08T05:07:28Z,206.24,travel,SG,True,False
txn_0000229,card_00679,2026-01-17T07:28:12Z,102.32,grocery,IN,False,False
txn_0000230,card_00186,2026-01-14T19:33:46Z,36.17,entertainment,US,True,False
txn_0000231,card_00461,2026-01-16T01:00:15Z,25.18,entertainment,SG,True,False
txn_0000232,card_00562,2026-01-13T19:51:07Z,68.73,online_retail,GB,True,False
txn_0000233,card_00242,2026-01-24T00:35:24Z,40.87,pharmacy,IN,False,False
txn_0000234,card_00627,2026-01-04T08:34:05Z,134.5,travel,GB,True,False
txn_0000235,card_00569,2026-01-24T00:58:58Z,49.41,restaurant,SG,True,False
txn_0000236,card_00377,2026-01-18T07:10:34Z,141.13,utilities,AE,False,False
txn_0000237,card_00784,2026-01-23T01:56:45Z,158.19,online_retail,SG,False,False
txn_0000238,card_00026,2026-01-11T00:08:43Z,103.27,grocery,US,False,False
txn_0000239,card_00106,2026-01-25T11:36:52Z,327.67,electronics,IN,True,False
txn_0000240,card_00347,2026-01-28T04:18:25Z,6.95,atm_withdrawal,US,False,False
txn_0000241,card_00264,2026-01-20T00:25:09Z,43.36,entertainment,AE,True,False
txn_0000242,card_00889,2026-01-28T07:36:50Z,30.88,atm_withdrawal,US,False,False
txn_0000243,card_00393,2026-01-05T04:14:57Z,33.73,entertainment,IN,False,False
txn_0000244,card_00541,2026-01-22T01:10:15Z,249.12,grocery,IN,True,False
txn_0000245,card_00487,2026-01-09T18:20:59Z,22.81,utilities,US,False,False
txn_0000246,card_00323,2026-01-27T22:56:48Z,78.1,grocery,IN,True,False
txn_0000247,card_00492,2026-01-08T04:29:56Z,24.18,grocery,AE,True,False
txn_0000248,card_00145,2026-01-11T06:56:25Z,91.86,grocery,SG,False,False
txn_0000249,card_00565,2026-01-09T05:23:39Z,41.9,online_retail,AE,False,False
txn_0000250,card_00085,2026-01-07T13:22:00Z,9.74,fuel,US,True,False
txn_0000251,card_00150,2026-01-08T19:18:07Z,27.67,utilities,AE,True,False
txn_0000252,card_00046,2026-01-03T00:08:21Z,9.12,fuel,AE,True,False
txn_0000253,card_00202,2026-01-09T08:10:04Z,17.87,utilities,IN,False,False
txn_0000254,card_00864,2026-01-27T22:22:23Z,220.46,fuel,GB,True,False
txn_0000255,card_00601,2026-01-03T07:54:26Z,136.03,grocery,IN,True,False
txn_0000256,card_00332,2026-01-27T00:55:04Z,17.17,restaurant,GB,True,False
txn_0000257,card_00580,2026-01-27T02:07:27Z,38.19,pharmacy,IN,True,False
txn_0000258,card_00683,2026-01-30T17:41:25Z,39.9,electronics,IN,True,False
txn_0000259,card_00758,2026-01-29T13:03:14Z,49.67,online_retail,IN,False,False
txn_0000260,card_00638,2026-01-17T13:58:34Z,33.19,grocery,IN,False,False
txn_0000261,card_00755,2026-01-17T00:45:52Z,5.42,travel,GB,False,False
txn_0000262,card_00343,2026-01-17T14:33:34Z,66.26,atm_withdrawal,US,True,False
txn_0000263,card_00387,2026-01-01T14:10:52Z,97.85,atm_withdrawal,GB,False,False
txn_0000264,card_00853,2026-01-20T17:28:14Z,20.43,atm_withdrawal,DE,False,False
txn_0000265,card_00222,2026-01-30T10:53:05Z,38.04,travel,DE,True,False
txn_0000266,card_00045,2026-01-28T11:15:52Z,83.73,electronics,AE,False,False
txn_0000267,card_00490,2026-01-03T23:56:34Z,17.96,atm_withdrawal,SG,False,False
txn_0000268,card_00852,2026-01-21T13:12:11Z,65.26,electronics,AE,True,False
txn_0000269,card_00634,2026-01-16T04:58:56Z,63.53,entertainment,AE,False,False
txn_0000270,card_00446,2026-01-08T03:01:37Z,153.94,online_retail,IN,False,False
txn_0000271,card_00354,2026-01-10T16:27:53Z,9.68,online_retail,IN,True,False
txn_0000272,card_00160,2026-01-10T00:23:18Z,196.07,entertainment,SG,True,False
txn_0000273,card_00219,2026-01-30T23:48:31Z,52.28,fuel,GB,True,False
txn_0000274,card_00566,2026-01-18T00:52:55Z,76.5,electronics,AE,False,False
txn_0000275,card_00537,2026-01-15T03:44:30Z,45.28,grocery,IN,True,False
txn_0000276,card_00124,2026-01-09T21:23:48Z,72.28,travel,US,True,False
txn_0000277,card_00789,2026-01-10T10:01:44Z,14.59,utilities,DE,True,False
txn_0000278,card_00266,2026-01-21T19:08:01Z,12.5,pharmacy,SG,False,False
txn_0000279,card_00169,2026-01-15T03:12:27Z,34.56,restaurant,IN,True,False
txn_0000280,card_00131,2026-01-18T11:35:20Z,148.97,grocery,IN,True,False
txn_0000281,card_00871,2026-01-23T00:54:48Z,52.18,utilities,US,False,False
txn_0000282,card_00144,2026-01-23T19:43:55Z,12.25,utilities,SG,True,False
txn_0000283,card_00311,2026-01-17T18:43:47Z,16.8,online_retail,SG,True,False
txn_0000284,card_00318,2026-01-20T08:55:27Z,12.78,grocery,US,False,False
txn_0000285,card_00243,2026-01-29T20:29:08Z,33.92,pharmacy,GB,False,False
txn_0000286,card_00472,2026-01-02T04:54:28Z,87.93,atm_withdrawal,IN,False,False
txn_0000287,card_00634,2026-01-28T09:11:20Z,5.26,travel,US,True,False
txn_0000288,card_00876,2026-01-17T03:24:35Z,92.19,grocery,SG,True,True
txn_0000289,card_00097,2026-01-15T15:21:43Z,1274.35,pharmacy,SG,True,False
txn_0000290,card_00491,2026-01-08T11:55:03Z,256.6,entertainment,GB,True,False
txn_0000291,card_00407,2026-01-02T20:35:10Z,45.35,atm_withdrawal,GB,False,False
txn_0000292,card_00824,2026-01-11T07:17:11Z,135.06,entertainment,AE,False,False
txn_0000293,card_00558,2026-01-02T09:46:00Z,18.79,grocery,DE,True,False
txn_0000294,card_00241,2026-01-20T06:31:32Z,138.9,online_retail,US,False,False
txn_0000295,card_00251,2026-01-06T06:25:33Z,97.14,restaurant,GB,False,False
txn_0000296,card_00689,2026-01-14T15:17:06Z,40.17,electronics,DE,True,False
txn_0000297,card_00503,2026-01-16T03:51:09Z,180.75,atm_withdrawal,GB,False,False
txn_0000298,card_00211,2026-01-20T00:40:21Z,195.12,pharmacy,GB,True,False
txn_0000299,card_00429,2026-01-05T00:00:26Z,182.08,utilities,AE,True,False
txn_0000300,card_00589,2026-01-29T23:53:52Z,28.99,grocery,US,False,False
txn_0000301,card_00495,2026-01-15T11:04:45Z,156.86,pharmacy,DE,True,False
txn_0000302,card_00268,2026-01-28T16:48:18Z,299.5,travel,DE,False,True
txn_0000303,card_00409,2026-01-06T09:32:19Z,233.39,utilities,DE,True,False
txn_0000304,card_00564,2026-01-11T16:05:16Z,37.24,travel,IN,True,False
txn_0000305,card_00297,2026-01-14T13:19:38Z,36.96,entertainment,GB,True,False
txn_0000306,card_00603,2026-01-30T03:27:02Z,615.72,restaurant,AE,False,False
txn_0000307,card_00635,2026-01-07T04:01:57Z,165.31,atm_withdrawal,IN,True,False
txn_0000308,card_00026,2026-01-18T01:42:01Z,16.39,pharmacy,SG,False,False
txn_0000309,card_00280,2026-01-19T19:28:24Z,314.1,online_retail,GB,True,False
txn_0000310,card_00887,2026-01-03T05:34:36Z,96.18,online_retail,SG,False,False
txn_0000311,card_00104,2026-01-15T18:15:22Z,1062.94,entertainment,US,False,False
txn_0000312,card_00813,2026-01-27T08:55:17Z,36.24,pharmacy,DE,True,False
txn_0000313,card_00319,2026-01-25T13:30:50Z,76.33,atm_withdrawal,SG,False,False
txn_0000314,card_00092,2026-01-06T12:11:46Z,195.19,utilities,DE,True,False
txn_0000315,card_00833,2026-01-12T17:15:33Z,244.48,fuel,DE,True,False
txn_0000316,card_00220,2026-01-21T15:27:48Z,130.94,restaurant,AE,False,False
txn_0000317,card_00368,2026-01-19T15:34:12Z,17.5,utilities,IN,False,False
txn_0000318,card_00252,2026-01-24T17:49:06Z,120.54,entertainment,SG,False,False
txn_0000319,card_00177,2026-01-03T13:03:20Z,122.22,restaurant,AE,True,False
txn_0000320,card_00685,2026-01-12T00:34:37Z,48.35,travel,AE,False,False
txn_0000321,card_00852,2026-01-14T22:40:22Z,17.86,atm_withdrawal,DE,False,False
txn_0000322,card_00541,2026-01-05T21:39:55Z,24.58,online_retail,DE,True,False
txn_0000323,card_00726,2026-01-25T21:27:16Z,53.52,fuel,IN,False,False
txn_0000324,card_00157,2026-01-28T14:43:25Z,478.83,electronics,IN,True,False
txn_0000325,card_00009,2026-01-29T20:59:34Z,341.53,grocery,IN,True,False
txn_0000326,card_00527,2026-01-26T10:57:49Z,797.34,atm_withdrawal,GB,True,False
txn_0000327,card_00588,2026-01-26T09:03:14Z,60.92,pharmacy,US,False,False
txn_0000328,card_00315,2026-01-30T00:58:06Z,47.72,grocery,IN,True,False
txn_0000329,card_00462,2026-01-18T21:22:19Z,179.46,entertainment,SG,True,False
txn_0000330,card_00357,2026-01-01T04:39:45Z,71.24,entertainment,AE,True,False
txn_0000331,card_00814,2026-01-26T08:16:14Z,111.94,entertainment,US,True,False
txn_0000332,card_00858,2026-01-27T19:41:14Z,82.18,fuel,DE,False,False
txn_0000333,card_00889,2026-01-18T11:37:29Z,58.15,travel,AE,True,False
txn_0000334,card_00614,2026-01-14T16:52:50Z,35.99,entertainment,GB,True,False
txn_0000335,card_00345,2026-01-30T19:48:32Z,47.05,electronics,AE,False,False
txn_0000336,card_00056,2026-01-18T17:22:21Z,37.4,entertainment,GB,True,False
txn_0000337,card_00098,2026-01-26T04:54:50Z,215.85,grocery,DE,False,False
txn_0000338,card_00624,2026-01-18T06:39:42Z,65.17,atm_withdrawal,SG,True,False
txn_0000339,card_00451,2026-01-19T18:04:30Z,75.2,restaurant,DE,False,False
txn_0000340,card_00585,2026-01-08T18:17:35Z,52.23,entertainment,GB,True,False
txn_0000341,card_00729,2026-01-04T20:37:42Z,259.9,entertainment,US,False,False
txn_0000342,card_00299,2026-01-05T14:39:30Z,25.7,fuel,US,False,False
txn_0000343,card_00167,2026-01-24T17:32:43Z,180.49,restaurant,AE,False,False
txn_0000344,card_00770,2026-01-01T12:41:56Z,60.14,travel,US,True,False
txn_0000345,card_00494,2026-01-10T18:55:23Z,74.69,pharmacy,AE,True,False
txn_0000346,card_00510,2026-01-10T17:48:26Z,81.31,pharmacy,DE,True,False
txn_0000347,card_00380,2026-01-10T10:49:56Z,414.13,atm_withdrawal,US,True,False
txn_0000348,card_00835,2026-01-24T17:48:51Z,149.68,entertainment,US,False,False
txn_0000349,card_00565,2026-01-08T20:26:42Z,215.29,atm_withdrawal,AE,True,False
txn_0000350,card_00082,2026-01-02T23:14:31Z,121.11,travel,IN,False,False
txn_0000351,card_00459,2026-01-12T05:50:04Z,31.77,pharmacy,GB,True,False
txn_0000352,card_00003,2026-01-15T08:37:49Z,39.8,restaurant,IN,False,False
txn_0000353,card_00753,2026-01-18T06:08:46Z,22.35,atm_withdrawal,DE,False,False
txn_0000354,card_00451,2026-01-22T16:48:11Z,192.79,travel,DE,True,False
txn_0000355,card_00593,2026-01-11T22:16:08Z,861.85,electronics,DE,False,False
txn_0000356,card_00050,2026-01-28T21:21:46Z,27.62,travel,US,False,False
txn_0000357,card_00827,2026-01-23T02:56:45Z,865.36,grocery,SG,False,False
txn_0000358,card_00455,2026-01-22T11:48:32Z,39.75,utilities,DE,False,False
txn_0000359,card_00635,2026-01-27T06:12:42Z,12.96,restaurant,AE,False,False
txn_0000360,card_00337,2026-01-19T02:52:10Z,289.21,entertainment,US,False,False
txn_0000361,card_00525,2026-01-26T04:19:33Z,123.64,restaurant,AE,True,False
txn_0000362,card_00545,2026-01-02T13:11:55Z,39.92,fuel,AE,True,False
txn_0000363,card_00882,2026-01-20T13:48:24Z,296.61,electronics,DE,True,False
txn_0000364,card_00628,2026-01-03T07:26:07Z,222.79,utilities,AE,False,False
txn_0000365,card_00753,2026-01-15T09:21:36Z,59.64,restaurant,US,True,False
txn_0000366,card_00895,2026-01-02T23:55:03Z,157.15,online_retail,GB,False,False
txn_0000367,card_00456,2026-01-04T11:01:23Z,148.78,utilities,DE,True,False
txn_0000368,card_00509,2026-01-17T11:27:06Z,141.22,pharmacy,IN,True,True
txn_0000369,card_00635,2026-01-17T17:28:57Z,119.5,pharmacy,AE,True,False
txn_0000370,card_00241,2026-01-07T02:45:27Z,23.06,grocery,US,True,False
txn_0000371,card_00653,2026-01-08T15:56:29Z,154.34,travel,US,True,False
txn_0000372,card_00321,2026-01-14T19:59:41Z,110.98,fuel,SG,True,False
txn_0000373,card_00759,2026-01-26T22:39:50Z,104.88,entertainment,GB,False,False
txn_0000374,card_00623,2026-01-10T05:24:24Z,101.2,utilities,SG,True,False
txn_0000375,card_00517,2026-01-12T17:19:59Z,23.41,fuel,DE,True,False
txn_0000376,card_00428,2026-01-23T04:22:43Z,117.99,pharmacy,DE,False,False
txn_0000377,card_00819,2026-01-03T20:13:19Z,58.06,atm_withdrawal,AE,False,False
txn_0000378,card_00553,2026-01-04T21:02:24Z,166.48,online_retail,DE,True,False
txn_0000379,card_00767,2026-01-23T06:54:07Z,74.39,travel,AE,True,False
txn_0000380,card_00768,2026-01-13T04:27:59Z,50.04,travel,DE,False,False
txn_0000381,card_00776,2026-01-14T19:52:40Z,124.57,restaurant,US,True,False
txn_0000382,card_00789,2026-01-22T14:26:34Z,163.15,atm_withdrawal,SG,False,False
txn_0000383,card_00755,2026-01-02T21:14:50Z,22.31,pharmacy,AE,False,False
txn_0000384,card_00486,2026-01-04T06:02:18Z,360.4,atm_withdrawal,IN,False,False
txn_0000385,card_00468,2026-01-03T15:31:25Z,87.62,restaurant,AE,True,False
txn_0000386,card_00576,2026-01-03T21:57:59Z,77.73,travel,SG,True,False
txn_0000387,card_00206,2026-01-24T05:14:57Z,397.54,utilities,US,True,False
txn_0000388,card_00647,2026-01-06T03:27:28Z,162.27,online_retail,SG,True,False
txn_0000389,card_00012,2026-01-22T17:01:06Z,67.7,travel,US,False,False
txn_0000390,card_00286,2026-01-09T18:36:26Z,27.1,utilities,IN,True,False
txn_0000391,card_00647,2026-01-26T13:25:24Z,102.86,online_retail,AE,False,False
txn_0000392,card_00151,2026-01-13T12:38:33Z,21.39,restaurant,AE,False,False
txn_0000393,card_00294,2026-01-30T15:21:53Z,72.68,electronics,GB,True,False
txn_0000394,card_00369,2026-01-10T09:56:18Z,117.95,fuel,AE,False,False
txn_0000395,card_00526,2026-01-15T19:43:32Z,271.13,fuel,SG,False,False
txn_0000396,card_00592,2026-01-17T08:26:20Z,50.74,entertainment,US,True,False
txn_0000397,card_00881,2026-01-22T01:50:48Z,384.13,grocery,IN,False,False
txn_0000398,card_00395,2026-01-26T05:35:53Z,222.46,travel,IN,False,False
txn_0000399,card_00657,2026-01-08T01:58:39Z,26.85,pharmacy,GB,True,False
txn_0000400,card_00595,2026-01-06T19:10:39Z,42.32,pharmacy,GB,True,False
txn_0000401,card_00113,2026-01-09T11:59:12Z,12.37,online_retail,IN,False,False
txn_0000402,card_00550,2026-01-14T12:32:33Z,138.56,electronics,AE,False,False
txn_0000403,card_00131,2026-01-25T00:04:39Z,23.49,fuel,DE,True,False
txn_0000404,card_00616,2026-01-18T21:40:58Z,703.95,pharmacy,AE,True,False
txn_0000405,card_00345,2026-01-21T18:13:27Z,26.12,restaurant,GB,True,False
txn_0000406,card_00777,2026-01-21T04:38:42Z,40.95,atm_withdrawal,IN,True,False
txn_0000407,card_00864,2026-01-19T14:48:27Z,40.01,pharmacy,GB,True,False
txn_0000408,card_00695,2026-01-01T18:38:11Z,220.8,entertainment,GB,True,True
txn_0000409,card_00466,2026-01-12T08:15:10Z,12.98,atm_withdrawal,DE,False,False
txn_0000410,card_00490,2026-01-19T12:38:05Z,351.88,online_retail,IN,False,False
txn_0000411,card_00234,2026-01-13T18:47:59Z,163.24,electronics,US,True,False
txn_0000412,card_00044,2026-01-12T11:48:20Z,39.44,fuel,SG,True,False
txn_0000413,card_00733,2026-01-02T01:55:00Z,29.09,restaurant,AE,False,False
txn_0000414,card_00169,2026-01-03T14:52:55Z,12.95,restaurant,DE,False,False
txn_0000415,card_00278,2026-01-03T16:31:47Z,333.95,fuel,SG,True,False
txn_0000416,card_00257,2026-01-28T04:55:07Z,24.54,utilities,DE,False,False
txn_0000417,card_00191,2026-01-26T08:44:33Z,39.85,utilities,AE,True,False
txn_0000418,card_00334,2026-01-21T03:57:46Z,152.55,fuel,AE,False,False
txn_0000419,card_00010,2026-01-12T11:25:54Z,648.04,atm_withdrawal,SG,True,False
txn_0000420,card_00511,2026-01-08T23:28:58Z,103.04,entertainment,US,True,False
txn_0000421,card_00328,2026-01-10T02:44:26Z,604.83,restaurant,DE,False,False
txn_0000422,card_00647,2026-01-28T19:14:11Z,29.22,utilities,GB,True,False
txn_0000423,card_00456,2026-01-24T22:09:36Z,38.55,travel,US,True,False
txn_0000424,card_00718,2026-01-15T11:15:17Z,45.35,restaurant,IN,False,False
txn_0000425,card_00547,2026-01-27T08:52:46Z,71.95,travel,US,True,False
txn_0000426,card_00565,2026-01-02T16:11:15Z,81.65,travel,GB,True,False
txn_0000427,card_00010,2026-01-01T04:37:41Z,237.51,fuel,GB,True,False
txn_0000428,card_00532,2026-01-02T11:22:28Z,169.19,entertainment,AE,True,False
txn_0000429,card_00194,2026-01-05T20:39:16Z,58.22,entertainment,AE,True,False
txn_0000430,card_00390,2026-01-02T03:11:48Z,27.14,utilities,IN,True,False
txn_0000431,card_00407,2026-01-15T08:57:42Z,9.06,entertainment,DE,False,False
txn_0000432,card_00477,2026-01-03T06:10:56Z,86.8,travel,IN,False,False
txn_0000433,card_00274,2026-01-27T18:27:03Z,120.19,entertainment,IN,True,False
txn_0000434,card_00603,2026-01-28T17:06:26Z,16.43,travel,AE,False,False
txn_0000435,card_00499,2026-01-14T18:23:36Z,13.7,restaurant,GB,False,False
txn_0000436,card_00752,2026-01-24T12:09:27Z,32.61,travel,SG,False,False
txn_0000437,card_00740,2026-01-15T22:13:47Z,101.3,fuel,US,True,False
txn_0000438,card_00247,2026-01-10T02:16:12Z,19.16,travel,AE,True,False
txn_0000439,card_00343,2026-01-26T00:15:42Z,66.73,online_retail,DE,False,False
txn_0000440,card_00749,2026-01-28T20:46:58Z,31.6,electronics,US,False,False
txn_0000441,card_00169,2026-01-27T06:54:32Z,25.83,pharmacy,DE,False,False
txn_0000442,card_00537,2026-01-17T23:14:01Z,17.58,atm_withdrawal,AE,True,False
txn_0000443,card_00415,2026-01-23T09:23:46Z,64.04,travel,IN,True,False
txn_0000444,card_00617,2026-01-18T00:56:26Z,75.19,grocery,AE,False,False
txn_0000445,card_00081,2026-01-09T15:50:31Z,421.43,travel,GB,True,True
txn_0000446,card_00302,2026-01-26T09:17:35Z,4.89,pharmacy,IN,False,False
txn_0000447,card_00193,2026-01-18T17:35:30Z,23.76,entertainment,DE,True,False
txn_0000448,card_00417,2026-01-27T15:26:59Z,164.98,restaurant,GB,True,False
txn_0000449,card_00790,2026-01-12T06:46:51Z,16.78,online_retail,IN,True,False
txn_0000450,card_00125,2026-01-22T15:18:49Z,21.23,travel,SG,True,False
txn_0000451,card_00074,2026-01-02T08:52:47Z,61.17,utilities,IN,False,False
txn_0000452,card_00232,2026-01-07T05:21:39Z,31.52,entertainment,DE,False,False
txn_0000453,card_00048,2026-01-03T05:13:15Z,142.45,fuel,IN,False,False
txn_0000454,card_00669,2026-01-10T21:20:13Z,31.42,travel,GB,False,False
txn_0000455,card_00595,2026-01-22T03:46:13Z,206.51,restaurant,GB,False,False
txn_0000456,card_00006,2026-01-11T06:55:37Z,24.14,atm_withdrawal,US,False,False
txn_0000457,card_00527,2026-01-01T18:51:19Z,182.54,entertainment,AE,False,False
txn_0000458,card_00097,2026-01-26T05:45:52Z,150.95,entertainment,GB,False,False
txn_0000459,card_00542,2026-01-19T09:16:49Z,801.19,entertainment,DE,True,True
txn_0000460,card_00244,2026-01-27T05:44:39Z,13.47,utilities,GB,True,False
txn_0000461,card_00502,2026-01-09T15:57:08Z,128.44,fuel,IN,False,False
txn_0000462,card_00095,2026-01-07T21:36:04Z,527.84,travel,SG,True,False
txn_0000463,card_00261,2026-01-20T10:31:46Z,44.88,restaurant,GB,True,False
txn_0000464,card_00094,2026-01-05T19:15:50Z,26.05,fuel,US,False,False
txn_0000465,card_00775,2026-01-29T02:32:30Z,23.16,entertainment,DE,False,False
txn_0000466,card_00424,2026-01-18T11:06:26Z,201.12,online_retail,DE,True,False
txn_0000467,card_00129,2026-01-08T06:37:16Z,55.75,entertainment,GB,False,False
txn_0000468,card_00690,2026-01-24T22:59:10Z,18.65,restaurant,IN,False,False
txn_0000469,card_00327,2026-01-30T14:12:55Z,53.88,grocery,IN,True,False
txn_0000470,card_00242,2026-01-25T21:20:28Z,28.59,pharmacy,SG,True,False
txn_0000471,card_00085,2026-01-07T07:36:41Z,109.22,entertainment,AE,True,False
txn_0000472,card_00488,2026-01-30T11:44:36Z,89.56,utilities,IN,True,False
txn_0000473,card_00167,2026-01-19T02:27:54Z,91.26,atm_withdrawal,GB,False,False
txn_0000474,card_00290,2026-01-12T13:12:36Z,123.44,online_retail,GB,False,False
txn_0000475,card_00748,2026-01-13T07:56:02Z,19.89,atm_withdrawal,SG,True,False
txn_0000476,card_00186,2026-01-15T01:36:39Z,80.65,online_retail,SG,False,False
txn_0000477,card_00869,2026-01-12T09:29:14Z,223.37,electronics,DE,False,False
txn_0000478,card_00235,2026-01-06T23:23:16Z,102.22,pharmacy,GB,True,False
txn_0000479,card_00736,2026-01-24T18:49:44Z,156.99,entertainment,SG,False,False
txn_0000480,card_00198,2026-01-23T18:22:40Z,134.12,grocery,AE,False,False
txn_0000481,card_00578,2026-01-22T18:16:38Z,52.39,entertainment,US,True,False
txn_0000482,card_00846,2026-01-08T16:49:11Z,16.24,atm_withdrawal,DE,True,False
txn_0000483,card_00570,2026-01-08T06:48:04Z,172.98,atm_withdrawal,AE,False,False
txn_0000484,card_00296,2026-01-11T11:29:25Z,581.48,pharmacy,GB,False,False
txn_0000485,card_00611,2026-01-28T11:47:10Z,83.55,online_retail,GB,False,False
txn_0000486,card_00856,2026-01-25T09:35:39Z,42.95,utilities,AE,False,False
txn_0000487,card_00340,2026-01-20T23:23:08Z,78.3,pharmacy,AE,False,False
txn_0000488,card_00451,2026-01-24T09:25:55Z,199.9,entertainment,DE,False,False
txn_0000489,card_00518,2026-01-17T05:33:23Z,83.17,travel,DE,False,False
txn_0000490,card_00219,2026-01-05T08:14:24Z,61.56,grocery,GB,True,False
txn_0000491,card_00064,2026-01-13T00:21:59Z,286.54,electronics,AE,False,False
txn_0000492,card_00381,2026-01-14T21:41:27Z,200.94,online_retail,US,False,False
txn_0000493,card_00084,2026-01-27T22:59:46Z,9.76,entertainment,AE,True,False
txn_0000494,card_00010,2026-01-06T02:56:06Z,75.85,pharmacy,US,False,False
txn_0000495,card_00523,2026-01-16T21:06:20Z,33.97,pharmacy,DE,True,False
txn_0000496,card_00760,2026-01-20T19:15:52Z,63.25,utilities,AE,True,False
txn_0000497,card_00858,2026-01-28T11:52:00Z,244.72,travel,IN,True,False
txn_0000498,card_00330,2026-01-18T07:47:59Z,15.91,pharmacy,IN,True,False
txn_0000499,card_00508,2026-01-15T01:41:47Z,94.6,utilities,IN,True,False
